Season,ECO_NAME,N_cells,WeeklyTotal_Default_kmol,WeeklyTotal_MODIS_kmol,DeltaE_kmol,Diff_%
Summer,Dry Chaco,552,3664145.1248471616,3556552.5745339585,-107592.55031320313,-2.9363615972413544
Summer,Humid Pampas,424,1308965.2876643594,1266091.799398643,-42873.48826571647,-3.2753724388075445
Summer,Espinal,322,1029670.14608635,965922.9001109418,-63747.24597540812,-6.191035664936344
Summer,Humid Chaco,185,1024686.3022901595,1013607.571773228,-11078.730516931508,-1.0811826499652242
Summer,Southern Andean Yungas,56,233114.85968245938,252225.1495379135,19110.289855454117,8.197799952128946
Summer,Low Monte,371,198810.68396482186,160627.50794577037,-38183.17601905149,-19.20579682015867
Summer,Paraná flooded savanna,41,100703.37584332936,117089.1974485293,16385.821605199948,16.271372700248314
Summer,Patagonian steppe,584,100387.00007034022,75146.20359144184,-25240.79647889838,-25.14349115046011
Summer,Southern Cone Mesopotamian savanna,29,87346.71283283383,87035.5580401808,-311.1547926530329,-0.3562295392254995
Summer,Alto Paraná Atlantic forests,28,74007.67651450179,79099.09142678774,5091.414912285953,6.879576757538514
Summer,Valdivian temperate forests,42,28349.727119141673,30165.156771756057,1815.4296526143844,6.403693569906043
Summer,High Monte,134,21493.629330624328,24982.423278750553,3488.7939481262256,16.231758231521003
Summer,Araucaria moist forests,6,12266.784018094233,17368.19554996798,5101.411531873746,41.58719615792421
Summer,Uruguayan savanna,1,4276.7996339321135,4287.5506370544435,10.751003122330076,0.25137963062452795
Summer,Magellanic subpolar forests,30,2710.627381962799,3154.229829090991,443.6024471281921,16.36530531935282
Summer,Central Andean puna,100,1821.9458714936386,2051.876464749179,229.93059325554032,12.620056218631914
Summer,Southern Andean steppe,101,1425.0048037219315,1366.5781278154577,-58.42667590647375,-4.1001037858869465
Summer,Central Andean dry puna,38,66.1436005827928,112.01057713063652,45.86697654784372,69.34454148807855
Summer,Rock and Ice,2,0.0,0.23571046274446417,0.23571046274446417,
Winter,Dry Chaco,552,824486.0992221495,792829.877575919,-31656.221646230435,-3.8395094442581996
Winter,Humid Chaco,185,314578.2527599836,310311.01182961196,-4267.240930371627,-1.3564958457657448
Winter,Espinal,322,88081.42393758817,83017.92894137702,-5063.494996211157,-5.748652519286014
Winter,Southern Andean Yungas,56,72887.93267208562,74610.87591805709,1722.9432459714735,2.3638250980759854
Winter,Humid Pampas,424,65914.08801431945,60862.86603420854,-5051.2219801109095,-7.663341983907231
Winter,Alto Paraná Atlantic forests,28,33036.04010046087,33331.691080382465,295.6509799215928,0.8949346804960131
Winter,Southern Cone Mesopotamian savanna,29,23808.627634611727,23544.80069088936,-263.826943722368,-1.1081148723533716
Winter,Paraná flooded savanna,41,18831.139333294028,22048.676511466696,3217.537178172668,17.086258676255277
Winter,Araucaria moist forests,6,7136.799590934813,7505.663175272942,368.86358433812893,5.168473342121871
Winter,Low Monte,371,4349.740062657947,3252.5953893100755,-1097.144673347872,-25.22322386035758
Winter,High Monte,134,3500.853071417799,3501.5028574803264,0.6497860625272551,0.01856079216326058
Winter,Patagonian steppe,584,2077.8422590280593,1433.5394130270747,-644.3028460009846,-31.008265579426926
Winter,Uruguayan savanna,1,1344.4723829090594,1331.8186437249183,-12.653739184141159,-0.9411676539433285
Winter,Central Andean puna,100,1264.6803237199551,1331.6640858435794,66.98376212362427,5.296497531217771
Winter,Valdivian temperate forests,42,575.1368490734907,599.0692033242522,23.932354250761477,4.161158216399273
Winter,Southern Andean steppe,101,258.18415538452683,217.49602470400697,-40.68813068051986,-15.75934457322563
Winter,Magellanic subpolar forests,30,76.9245428562368,74.63910070542951,-2.2854421508072846,-2.971018176966635
Winter,Central Andean dry puna,38,64.55319333089282,74.04817312780433,9.494979796911508,14.708768547268052
Winter,Rock and Ice,2,0.0,0.00025879671254003256,0.00025879671254003256,
