ECO_NAME,N_cells,WeeklyTotal_Default_kmol,WeeklyTotal_MODIS_kmol,Diff_%
Dry Chaco,552,3667436.9632351487,3556552.574533958,-3.023484515555967
Humid Pampas,424,1326012.291971465,1266091.799398643,-4.5188489530315445
Espinal,322,1038169.5928024468,965922.9001109418,-6.959045342146982
Humid Chaco,185,1025999.4761503905,1013607.571773228,-1.20778856765674
Southern Andean Yungas,56,248528.4945508914,252225.1495379135,1.48741696347625
Low Monte,371,201794.45517952106,160627.5079457704,-20.400435283084256
Paraná flooded savanna,41,111737.82600454688,117089.1974485293,4.78922101434537
Patagonian steppe,584,104136.75634108574,75146.20359144184,-27.838924284034064
Southern Cone Mesopotamian savanna,29,87122.92429869622,87035.5580401808,-0.1002792998727785
Alto Paraná Atlantic forests,28,81478.5105683053,79099.09142678774,-2.9203026968967944
Valdivian temperate forests,42,30776.843536513927,30165.156771756057,-1.987490250688504
High Monte,134,28518.699726195777,24982.423278750553,-12.39985161103606
Araucaria moist forests,6,17542.472480930574,17368.19554996798,-0.9934570577325471
Uruguayan savanna,1,4307.127963924408,4287.5506370544435,-0.4545332071380187
Magellanic subpolar forests,30,3010.732517569862,3154.229829090991,4.766192635304389
Central Andean puna,100,2138.401562273893,2051.876464749179,-4.046251136886873
Southern Andean steppe,101,1854.2929864251985,1366.578127815458,-26.3019308264754
Central Andean dry puna,38,156.57974476122106,112.01057713063653,-28.464197395743007
Rock and Ice,2,0.1811122221275582,0.23571046274446417,30.14608289574856
