Season,ECO_NAME,N_cells,Mean_Default,Mean_MODIS,WeekSum_Default,WeekSum_MODIS,Diff_%
Summer,Dry Chaco,552,145402.58431933183,141133.03867198247,1017818.0902353227,987931.2707038773,-2.936361597241356
Summer,Humid Pampas,424,51943.06697080791,50241.73807137472,363601.46879565535,351692.16649962304,-3.275372438807546
Summer,Espinal,322,40859.926431998014,38330.273813926266,286019.4850239861,268311.91669748386,-6.191035664936337
Summer,Humid Chaco,185,40662.15485278411,40222.52268941381,284635.08396948874,281557.6588258967,-1.0811826499652242
Summer,Southern Andean Yungas,56,9250.589669938865,10008.934505472758,64754.12768957205,70062.5415383093,8.197799952128946
Summer,Low Monte,371,7889.312855746898,6374.107458165491,55225.18999022829,44618.75220715844,-19.20579682015867
Summer,Paraná flooded savanna,41,3996.165708068625,4646.396724147989,27973.159956480376,32524.777069035918,16.271372700248314
Summer,Patagonian steppe,584,3983.6111139023897,2981.992206009597,27885.27779731673,20873.94544206718,-25.14349115046011
Summer,Southern Cone Mesopotamian savanna,29,3466.1393981283263,3453.7919857214606,24262.975786898285,24176.543900050223,-0.3562295392254995
Summer,Alto Paraná Atlantic forests,28,2936.8125600992767,3138.8528343963385,20557.687920694938,21971.96984077437,6.87957675753852
Summer,Valdivian temperate forests,42,1124.9891713945108,1197.0300306252404,7874.924199761575,8379.210214376682,6.403693569906044
Summer,High Monte,134,852.9217988342987,991.366003125022,5970.4525918400905,6939.562021875154,16.23175823152101
Summer,Araucaria moist forests,6,486.77714357516794,689.2141091257134,3407.4400050261756,4824.498763879994,41.58719615792421
Summer,Uruguayan savanna,1,169.7142711877823,170.14089829581124,1187.999898314476,1190.9862880706787,0.25137963062452795
Summer,Magellanic subpolar forests,30,107.56457864931743,125.16785036075362,752.9520505452219,876.1749525252753,16.365305319352828
Summer,Central Andean puna,100,72.29943934498566,81.42366923607854,506.0960754148996,569.9656846525497,12.620056218631921
Summer,Southern Andean steppe,101,56.54780967150522,54.22929078632769,395.83466770053656,379.6050355042938,-4.100103785886952
Summer,Central Andean dry puna,38,2.6247460548727304,4.444864171850655,18.373222384109113,31.11404920295459,69.34454148807853
Summer,Rock and Ice,2,0.0,0.00935358979144699,0.0,0.06547512854012894,
Winter,Dry Chaco,552,32717.7023500853,31461.50307840948,229023.91645059708,220230.52154886638,-3.8395094442582076
Winter,Humid Chaco,185,12483.263998412047,12313.929040857616,87382.84798888433,86197.50328600331,-1.356495845765753
Winter,Espinal,322,3495.294600697943,3294.362259578453,24467.062204885602,23060.53581704917,-5.7486525192860105
Winter,Southern Andean Yungas,56,2892.378280638318,2960.749044367345,20246.647964468226,20725.243310571415,2.3638250980759805
Winter,Humid Pampas,424,2615.638413266645,2415.193096595577,18309.468892866513,16906.35167616904,-7.6633419839072205
Winter,Alto Paraná Atlantic forests,28,1310.953972240511,1322.6861539834313,9176.677805683576,9258.803077884018,0.8949346804960131
Winter,Southern Cone Mesopotamian savanna,29,944.7868108972907,934.3174877337048,6613.507676281035,6540.222414135933,-1.1081148723533716
Winter,Paraná flooded savanna,41,747.267433860874,874.9474806137579,5230.872037026118,6124.632364296305,17.086258676255298
Winter,Araucaria moist forests,6,283.2063329736037,297.8437767965453,1982.4443308152258,2084.906437575817,5.168473342121871
Winter,Low Monte,371,172.60873264515664,129.0712456075427,1208.2611285160965,903.4987192527988,-25.223223860357574
Winter,High Monte,134,138.92274092927775,138.94852609048914,972.4591865049442,972.639682633424,0.01856079216326058
Winter,Patagonian steppe,584,82.45405789793885,56.88648464393153,577.178405285572,398.20539250752074,-31.008265579426926
Winter,Uruguayan savanna,1,53.35207868686744,52.849946179560256,373.4645508080721,369.94962325692177,-0.9411676539433285
Winter,Central Andean puna,100,50.18572713174425,52.843812930300764,351.30008992220974,369.90669051210534,5.296497531217759
Winter,Valdivian temperate forests,42,22.82289083624963,23.77258743350207,159.76023585374742,166.4081120345145,4.161158216399275
Winter,Southern Andean steppe,101,10.245402991449478,8.630794631111387,71.71782094014634,60.41556241777971,-15.759344573225633
Winter,Magellanic subpolar forests,30,3.0525612244538416,2.9618690756122823,21.36792857117689,20.733083529285977,-2.971018176966635
Winter,Central Andean dry puna,38,2.5616346559878105,2.938419568563664,17.931442591914674,20.568936979945647,14.708768547268052
Winter,Rock and Ice,2,0.0,1.0269710815080657e-05,0.0,7.18879757055646e-05,
