EcotypeID,Top_ECO_NAME,N_cells_top,Total_cells,%_coincidencia,N_ecorregiones_distintas
5521,Dry Chaco,642,668,96.10778443113773,4
5575,Patagonian steppe,486,510,95.29411764705883,4
5572,Low Monte,317,442,71.71945701357465,7
5568,Humid Chaco,313,385,81.2987012987013,7
5570,Uruguayan savanna,378,384,98.4375,3
5576,Espinal,162,344,47.093023255813954,4
5586,Central Andean dry puna,233,297,78.45117845117845,3
5480,Alto Paraná Atlantic forests,285,292,97.6027397260274,4
5573,Humid Pampas,246,259,94.98069498069498,3
5560,Valdivian temperate forests,240,247,97.16599190283401,4
5564,Cerrado,228,230,99.1304347826087,2
5593,Southern Andean steppe,116,194,59.79381443298969,5
5595,Chilean Matorral,160,162,98.76543209876543,2
5598,Atacama desert,121,123,98.3739837398374,3
5558,Magellanic subpolar forests,116,122,95.08196721311475,3
5571,Espinal,83,122,68.0327868852459,5
5561,Dry Chaco,110,111,99.09909909909909,2
5431,Araucaria moist forests,92,100,92.0,2
5587,Central Andean puna,65,95,68.42105263157895,7
5585,Espinal,47,88,53.40909090909091,6
5583,Pantanal,71,74,95.94594594594595,4
5495,Southern Andean Yungas,58,68,85.29411764705883,5
5574,Patagonian steppe,49,61,80.32786885245902,2
5566,Dry Chaco,41,60,68.33333333333333,4
65535,Magellanic subpolar forests,30,58,51.724137931034484,8
5517,Bolivian montane dry forests,35,48,72.91666666666667,4
5584,Paraná flooded savanna,26,40,65.0,3
5001,Rock and Ice,12,17,70.58823529411765,3
5523,Chiquitano dry forests,5,5,100.0,1
