ECO_NAME,N_cells,Sum_MODIS,Sum_Default,Diff_%,Season
Dry Chaco,552,111888.87950077646,115749.29197005369,3.450219974050631,Summer
Humid Chaco,185,35376.328750155866,35747.16338323802,1.0482564081229528,Summer
Humid Pampas,424,26086.61646067479,27109.159508978744,3.919799449060103,Summer
Espinal,322,23132.027721370396,24685.77518539145,6.71686668689936,Summer
Southern Andean Yungas,56,7910.530115010217,7362.156618285924,-6.932196562702605,Summer
Paraná flooded savanna,41,3595.5655362363905,3060.1887873569503,-14.889917691219125,Summer
Low Monte,371,3359.8704486792994,4066.0714333711003,21.018696865809062,Summer
Southern Cone Mesopotamian savanna,29,3167.957092642784,3222.6624301075935,1.726833282933543,Summer
Alto Paraná Atlantic forests,28,2884.6051980769844,2725.8011997418944,-5.505224716399884,Summer
Patagonian steppe,584,2229.4435594161782,2918.2942925973775,30.897877197733944,Summer
Valdivian temperate forests,42,1332.9041035585105,1266.661445056554,-4.969799277015187,Summer
High Monte,134,735.6556552888214,612.5986217135869,-16.727531786175398,Summer
Araucaria moist forests,6,652.8449358055368,445.9229410053231,-31.695427727396766,Summer
Uruguayan savanna,1,150.4552639722824,151.0671807527542,0.4067101172243013,Summer
Magellanic subpolar forests,30,60.49036081489885,50.51398619403153,-16.492503080606728,Summer
Central Andean puna,100,54.83097154977804,48.385261229239404,-11.75560114722193,Summer
Southern Andean steppe,101,49.79298596555054,49.33705979163642,-0.9156433683843669,Summer
Central Andean dry puna,38,2.67548530585168,1.1468238275256226,-57.13585774448657,Summer
Rock and Ice,2,0.004630870044820767,0.0,-100.0,Summer
Dry Chaco,552,47389.256352663535,49617.71248892782,4.702450107426161,Winter
Humid Chaco,185,13677.812130603535,14058.760960297092,2.785159103342258,Winter
Espinal,322,5742.17050002882,6350.453756802657,10.593263588581772,Winter
Humid Pampas,424,5452.375229612684,6108.088439703282,12.026193768347408,Winter
Southern Andean Yungas,56,4587.231610956951,4505.2600034842035,-1.7869515739504445,Winter
Paraná flooded savanna,41,1187.5353067097021,1102.1305018670391,-7.191769740244073,Winter
Alto Paraná Atlantic forests,28,1169.3824626803398,1197.7002972140908,2.4216058849423603,Winter
Southern Cone Mesopotamian savanna,29,964.5431745536625,993.444387987256,2.9963628581963064,Winter
Araucaria moist forests,6,271.6400536894798,267.25922054052353,-1.6127346057603733,Winter
High Monte,134,251.8861774993129,264.0222642417066,4.818083653052688,Winter
Low Monte,371,250.18583886079432,332.2134298144374,32.78666423613368,Winter
Central Andean puna,100,83.99187367271225,81.39941597130382,-3.0865577680887872,Winter
Patagonian steppe,584,82.12349882348806,121.47568093263288,47.9182970439756,Winter
Uruguayan savanna,1,48.85196706652641,49.85180567204952,2.0466701047299347,Winter
Southern Andean steppe,101,15.91776338287309,20.805838200365542,30.708301787874515,Winter
Valdivian temperate forests,42,12.065287523610095,13.940228498122451,15.53996099009954,Winter
Central Andean dry puna,38,3.770028461178299,3.2873517381958663,-12.802999445568512,Winter
Magellanic subpolar forests,30,3.140427984701546,3.7609469074304798,19.75905595516802,Winter
Rock and Ice,2,9.464168475581403e-07,0.0,-100.0,Winter
