EcotypeID,N_cells,Sum_MODIS,Sum_Default,Diff_%,Season
5521,358,92905.87111540131,95591.75277408957,2.890970857322937,Summer
5568,234,50276.65104750171,50574.9110584259,0.5932376256373804,Summer
5573,258,15438.688955952675,16115.758043663722,4.385534870498118,Summer
5576,344,15020.9217125478,15550.744293803258,3.527230827738537,Summer
5571,122,12511.475794207305,13634.141925472766,8.973091182298777,Summer
5585,86,9904.20252405107,10277.75799036771,3.771686467532438,Summer
5561,111,6203.199505530298,6367.318822288886,2.6457204320491665,Summer
5572,441,3640.4166919899435,4170.606903305852,14.563997920416446,Summer
5566,60,3016.429281760473,3114.9905359935947,3.2674810190013392,Summer
5584,40,3014.32584958151,2937.8387728093658,-2.5374521730211432,Summer
5495,36,2890.8179951906204,2830.424453909276,-2.0891505927325604,Summer
5480,28,2884.6051980769844,2725.8011997418944,-5.505224716399884,Summer
5575,496,1805.873695164952,2417.633788522776,33.87612849092108,Summer
5560,44,1347.8811042178422,1282.8224729783833,-4.826733681173725,Summer
5431,6,652.8449358055368,445.9229410053231,-31.695427727396766,Summer
5517,1,297.61281847953796,310.48703169822693,4.3258261806267315,Summer
5593,163,236.9431386084775,276.90217815173673,16.864400369612365,Summer
5570,2,197.16065394878387,99.14634275436401,-49.712916462470695,Summer
5587,56,160.85783153787133,157.70396737547344,-1.9606531632594892,Summer
5574,38,64.22718687212182,66.57339110330213,3.6529767929142984,Summer
5558,18,33.12424117482442,22.736115744686686,-31.36109707483072,Summer
5586,90,7.6140896392550985,1.6649394375663178,-78.13344054970698,Summer
5001,2,0.004630870044820767,0.0,-100.0,Summer
5521,358,41538.73630502159,43189.59701006237,3.974268001121647,Winter
5568,234,19891.74499592785,20312.344914653004,2.1144445538149514,Winter
5571,122,3715.616724401887,4153.736832425115,11.79131596501663,Winter
5573,258,3513.4645338912887,3918.661303155157,11.53268420259527,Winter
5585,86,2977.9699800367234,3209.681349602237,7.780849743913673,Winter
5576,344,2002.3196221707622,2242.7348180906847,12.006834136664093,Winter
5495,36,1773.0954035893083,1727.7833997532725,-2.5555310641666455,Winter
5561,111,1403.0541281709448,1546.6328236944973,10.233296965579315,Winter
5480,28,1169.3824626803398,1197.7002972140908,2.4216058849423603,Winter
5566,60,1004.1651246901602,1167.7748858705163,16.29311326967651,Winter
5584,40,977.7797508091899,1050.7069438860344,7.458447878112791,Winter
5572,441,469.3306308538595,553.8226139568142,18.00265687948756,Winter
5431,6,271.6400536894798,267.25922054052353,-1.6127346057603733,Winter
5517,1,164.7016053199768,181.06590628623962,9.935726451767605,Winter
5587,56,158.05095728150627,163.2004626147973,3.2581297967839435,Winter
5593,163,55.626236932912434,76.39650623295165,37.33897967085034,Winter
5570,2,47.676160579547286,26.847954764962196,-43.686835435989856,Winter
5575,496,44.89088544624272,66.17245668681898,47.40733231038881,Winter
5560,44,12.296679047887665,14.437518116075807,17.409896280540057,Winter
5586,90,8.074720553486259,2.9285872341424692,-63.73141070649123,Winter
5574,38,3.181519317274706,4.693379243071831,47.52006117291744,Winter
5558,18,1.9295037123997645,1.9363881461904384,0.3567981624721324,Winter
5001,2,9.464168475581403e-07,0.0,-100.0,Winter
