ECO_NAME,N_cells,Sum_Default,Sum_MODIS,Diff_%,Season
Dry Chaco,552,115749.29197005369,111888.87950077646,-3.3351499638338917,Summer
Humid Chaco,185,35747.16338323802,35376.328750155866,-1.0373819849885968,Summer
Humid Pampas,424,27109.159508978744,26086.61646067479,-3.7719467029779334,Summer
Espinal,322,24685.77518539145,23132.027721370396,-6.29410035679386,Summer
Southern Andean Yungas,56,7362.156618285924,7910.530115010217,7.4485442942392375,Summer
Low Monte,371,4066.0714333711003,3359.8704486792994,-17.36814013880478,Summer
Southern Cone Mesopotamian savanna,29,3222.6624301075935,3167.957092642784,-1.6975199435636514,Summer
Paraná flooded savanna,41,3060.1887873569503,3595.5655362363905,17.494892834433227,Summer
Patagonian steppe,584,2918.2942925973775,2229.4435594161782,-23.60456705578174,Summer
Alto Paraná Atlantic forests,28,2725.8011997418944,2884.6051980769844,5.825956726049101,Summer
Valdivian temperate forests,42,1266.661445056554,1332.9041035585105,5.229705124481705,Summer
High Monte,134,612.5986217135869,735.6556552888214,20.087709833726716,Summer
Araucaria moist forests,6,445.9229410053231,652.8449358055368,46.4030835313637,Summer
Uruguayan savanna,1,151.0671807527542,150.4552639722824,-0.4050626862980267,Summer
Magellanic subpolar forests,30,50.51398619403153,60.49036081489885,19.749727496354414,Summer
Southern Andean steppe,101,49.33705979163642,49.79298596555054,0.9241048733743357,Summer
Central Andean puna,100,48.385261229239404,54.83097154977804,13.321640013474742,Summer
Central Andean dry puna,38,1.1468238275256226,2.67548530585168,133.2952317204888,Summer
Rock and Ice,2,0.0,0.004630870044820767,,Summer
Dry Chaco,552,49617.71248892782,47389.256352663535,-4.491251257827665,Winter
Humid Chaco,185,14058.760960297092,13677.812130603535,-2.7096899276499666,Winter
Espinal,322,6350.453756802657,5742.17050002882,-9.578579422332444,Winter
Humid Pampas,424,6108.088439703282,5452.375229612684,-10.735162343563765,Winter
Southern Andean Yungas,56,4505.2600034842035,4587.231610956951,1.8194645238977045,Winter
Alto Paraná Atlantic forests,28,1197.7002972140908,1169.3824626803398,-2.3643506309232514,Winter
Paraná flooded savanna,41,1102.1305018670391,1187.5353067097021,7.74906462510428,Winter
Southern Cone Mesopotamian savanna,29,993.444387987256,964.5431745536625,-2.9091928831716607,Winter
Low Monte,371,332.2134298144374,250.18583886079432,-24.691232681189554,Winter
Araucaria moist forests,6,267.25922054052353,271.6400536894798,1.6391700687056554,Winter
High Monte,134,264.0222642417066,251.8861774993129,-4.596614901871818,Winter
Patagonian steppe,584,121.47568093263288,82.12349882348806,-32.39511135646029,Winter
Central Andean puna,100,81.39941597130382,83.99187367271225,3.18486032175262,Winter
Uruguayan savanna,1,49.85180567204952,48.85196706652641,-2.0056216460855105,Winter
Southern Andean steppe,101,20.805838200365542,15.91776338287309,-23.49376540574353,Winter
Valdivian temperate forests,42,13.940228498122451,12.065287523610095,-13.4498582628318,Winter
Magellanic subpolar forests,30,3.7609469074304798,3.140427984701546,-16.499007776551654,Winter
Central Andean dry puna,38,3.2873517381958663,3.770028461178299,14.682843864080416,Winter
Rock and Ice,2,0.0,9.464168475581403e-07,,Winter
